ID,Name,Password,DateOfBirth,Gender,BloodGroup,ContactInfo,Email,FirstLogin
P005,James Wilson,0d81d00c1414e738196be27db83f762b53b8bfc439ab3413a36dc5e60fdd44c8,1982-07-25,Male,A-,95678901,james.w@email.com,true
P004,Sarah Chen,0d81d00c1414e738196be27db83f762b53b8bfc439ab3413a36dc5e60fdd44c8,1995-11-30,Female,AB+,94567890,sarah.c@email.com,true
P007,Michael Brown,0d81d00c1414e738196be27db83f762b53b8bfc439ab3413a36dc5e60fdd44c8,1988-12-05,Male,B+,97890123,michael.b@email.com,true
P006,Emma Davis,0d81d00c1414e738196be27db83f762b53b8bfc439ab3413a36dc5e60fdd44c8,1992-09-18,Female,O-,96789012,emma.d@email.com,true
P1003,David Lee,73c6571c68be3979617cc023261c96479c39da78f2d3949d8b79e121a5af40ec,1978-03-10,Male,O+,93456789,david.lee@email.com,false
P009,Robert Taylor,0d81d00c1414e738196be27db83f762b53b8bfc439ab3413a36dc5e60fdd44c8,1998-01-15,Male,A+,99012345,robert.t@email.com,true
P1001,John Smith,16596d60d2470eef0956354a643279db98b1774e517858d695235cd9e7ba3840,1990-05-15,Male,A+,9123456,aryan@gmail.com,false
P1002,Mary Johnson,0d81d00c1414e738196be27db83f762b53b8bfc439ab3413a36dc5e60fdd44c8,1985-08-22,Female,B-,92345678,mary.j@email.com,false
P010,Jennifer White,0d81d00c1414e738196be27db83f762b53b8bfc439ab3413a36dc5e60fdd44c8,1980-06-28,Female,O+,90123456,jennifer.w@email.com,false
